{
  "properties": {
    "connectionReferences": {
      "shared_office365": {
        "runtimeSource": "invoker",
        "connection": {
          "connectionReferenceLogicalName": "aesco_sharedoffice365_8ce77"
        },
        "api": {
          "name": "shared_office365"
        }
      },
      "shared_sharepointonline": {
        "runtimeSource": "invoker",
        "connection": {
          "connectionReferenceLogicalName": "aesco_sharedsharepointonline_8ad3d"
        },
        "api": {
          "name": "shared_sharepointonline"
        }
      },
      "shared_office365users": {
        "runtimeSource": "invoker",
        "connection": {
          "connectionReferenceLogicalName": "aesco_sharedoffice365users_e3692"
        },
        "api": {
          "name": "shared_office365users"
        }
      }
    },
    "definition": {
      "$schema": "https://schema.management.azure.com/providers/Microsoft.Logic/schemas/2016-06-01/workflowdefinition.json#",
      "contentVersion": "1.0.0.0",
      "parameters": {
        "$connections": {
          "defaultValue": {},
          "type": "Object"
        },
        "$authentication": {
          "defaultValue": {},
          "type": "SecureObject"
        }
      },
      "triggers": {
        "manual": {
          "metadata": {
            "operationMetadataId": "46c8d590-318d-4038-bdc8-3bb54b2d155b"
          },
          "type": "Request",
          "kind": "Button",
          "inputs": {
            "schema": {
              "type": "object",
              "properties": {
                "text": {
                  "title": "SiteURL",
                  "type": "string",
                  "x-ms-dynamically-added": true,
                  "description": "Please enter your site url",
                  "x-ms-content-hint": "TEXT"
                }
              },
              "required": [
                "text"
              ]
            }
          }
        }
      },
      "actions": {
        "Send_an_email_(V2)_-_Else": {
          "runAfter": {
            "Scope_-_Try": [
              "Failed",
              "Skipped",
              "TimedOut"
            ]
          },
          "metadata": {
            "operationMetadataId": "9df93413-1119-488a-bd9f-ee3a516f6e22"
          },
          "type": "OpenApiConnection",
          "inputs": {
            "host": {
              "connectionName": "shared_office365",
              "operationId": "SendEmailV2",
              "apiId": "/providers/Microsoft.PowerApps/apis/shared_office365"
            },
            "parameters": {
              "emailMessage/To": "@outputs('Get_my_profile_(V2)')?['body/mail']",
              "emailMessage/Subject": "Flow Failed - Remove user from owners group",
              "emailMessage/Body": "<p>Please look at the flow history. There seems to be an issue with the flow as it has failed. <br>\n<br>\nhttps://make.powerautomate.com/</p>",
              "emailMessage/Importance": "Normal"
            },
            "authentication": {
              "type": "Raw",
              "value": "@json(decodeBase64(triggerOutputs().headers['X-MS-APIM-Tokens']))['$ConnectionKey']"
            }
          }
        },
        "Scope_-_Try": {
          "actions": {
            "Send_an_HTTP_request_to_SharePoint_-_get_user_id": {
              "runAfter": {
                "Get_my_profile_(V2)": [
                  "Succeeded"
                ]
              },
              "metadata": {
                "operationMetadataId": "2d95fc6b-2240-4ee4-98a0-90d7c2b9fb1c"
              },
              "type": "OpenApiConnection",
              "inputs": {
                "host": {
                  "connectionName": "shared_sharepointonline",
                  "operationId": "HttpRequest",
                  "apiId": "/providers/Microsoft.PowerApps/apis/shared_sharepointonline"
                },
                "parameters": {
                  "dataset": "@variables('Var_SiteURL')",
                  "parameters/method": "POST",
                  "parameters/uri": "_api/web/ensureuser",
                  "parameters/headers": {
                    "content-type": "application/json;odata=verbose",
                    "accept": "application/json;odata=verbose"
                  },
                  "parameters/body": "{\n    \"logonName\": \"@{outputs('Get_my_profile_(V2)')?['body/mail']}\"\n}"
                },
                "authentication": {
                  "type": "Raw",
                  "value": "@json(decodeBase64(triggerOutputs().headers['X-MS-APIM-Tokens']))['$ConnectionKey']"
                }
              }
            },
            "Send_an_HTTP_request_to_SharePoint_-_get_owner_group_id": {
              "runAfter": {
                "Parse_JSON_-_output_from_get_user_http_request": [
                  "Succeeded"
                ]
              },
              "metadata": {
                "operationMetadataId": "2d95fc6b-2240-4ee4-98a0-90d7c2b9fb1c"
              },
              "type": "OpenApiConnection",
              "inputs": {
                "host": {
                  "connectionName": "shared_sharepointonline",
                  "operationId": "HttpRequest",
                  "apiId": "/providers/Microsoft.PowerApps/apis/shared_sharepointonline"
                },
                "parameters": {
                  "dataset": "@variables('Var_SiteURL')",
                  "parameters/method": "GET",
                  "parameters/uri": "_api/web/SiteGroups/?$filter=substringof('Owner',Title)",
                  "parameters/headers": {
                    "content-type": "application/json;odata=verbose",
                    "accept": "application/json;odata=verbose"
                  }
                },
                "authentication": {
                  "type": "Raw",
                  "value": "@json(decodeBase64(triggerOutputs().headers['X-MS-APIM-Tokens']))['$ConnectionKey']"
                }
              }
            },
            "Parse_JSON_-_output_from_get_owners_group_http_request": {
              "runAfter": {
                "Send_an_HTTP_request_to_SharePoint_-_get_owner_group_id": [
                  "Succeeded"
                ]
              },
              "metadata": {
                "operationMetadataId": "e2cb8103-36cf-4bcc-bf67-ad3162c0651e"
              },
              "type": "ParseJson",
              "inputs": {
                "content": "@body('Send_an_HTTP_request_to_SharePoint_-_get_owner_group_id')",
                "schema": {
                  "type": "object",
                  "properties": {
                    "d": {
                      "type": "object",
                      "properties": {
                        "results": {
                          "type": "array",
                          "items": {
                            "type": "object",
                            "properties": {
                              "__metadata": {
                                "type": "object",
                                "properties": {
                                  "id": {
                                    "type": "string"
                                  },
                                  "uri": {
                                    "type": "string"
                                  },
                                  "type": {
                                    "type": "string"
                                  }
                                }
                              },
                              "Owner": {
                                "type": "object",
                                "properties": {
                                  "__deferred": {
                                    "type": "object",
                                    "properties": {
                                      "uri": {
                                        "type": "string"
                                      }
                                    }
                                  }
                                }
                              },
                              "Users": {
                                "type": "object",
                                "properties": {
                                  "__deferred": {
                                    "type": "object",
                                    "properties": {
                                      "uri": {
                                        "type": "string"
                                      }
                                    }
                                  }
                                }
                              },
                              "Id": {
                                "type": "integer"
                              },
                              "IsHiddenInUI": {
                                "type": "boolean"
                              },
                              "LoginName": {
                                "type": "string"
                              },
                              "Title": {
                                "type": "string"
                              },
                              "PrincipalType": {
                                "type": "integer"
                              },
                              "AllowMembersEditMembership": {
                                "type": "boolean"
                              },
                              "AllowRequestToJoinLeave": {
                                "type": "boolean"
                              },
                              "AutoAcceptRequestToJoinLeave": {
                                "type": "boolean"
                              },
                              "Description": {},
                              "OnlyAllowMembersViewMembership": {
                                "type": "boolean"
                              },
                              "OwnerTitle": {
                                "type": "string"
                              },
                              "RequestToJoinLeaveEmailSetting": {
                                "type": "string"
                              }
                            },
                            "required": [
                              "__metadata",
                              "Owner",
                              "Users",
                              "Id",
                              "IsHiddenInUI",
                              "LoginName",
                              "Title",
                              "PrincipalType",
                              "AllowMembersEditMembership",
                              "AllowRequestToJoinLeave",
                              "AutoAcceptRequestToJoinLeave",
                              "Description",
                              "OnlyAllowMembersViewMembership",
                              "OwnerTitle",
                              "RequestToJoinLeaveEmailSetting"
                            ]
                          }
                        }
                      }
                    }
                  }
                }
              }
            },
            "Compose_-_Get_User_ID": {
              "runAfter": {
                "Parse_JSON_-_output_from_get_owners_group_http_request": [
                  "Succeeded"
                ]
              },
              "metadata": {
                "operationMetadataId": "5490c766-81ca-4773-b1dc-62c8258141cc"
              },
              "type": "Compose",
              "inputs": "@body('Parse_JSON_-_output_from_get_user_http_request')?['d']?['Id']"
            },
            "Apply_to_each": {
              "foreach": "@body('Parse_JSON_-_output_from_get_owners_group_http_request')?['d']?['results']",
              "actions": {
                "Set_variable_-_Var_OwnersGroupID": {
                  "runAfter": {},
                  "metadata": {
                    "operationMetadataId": "f4f74f77-dd03-4043-b075-590cfad506a9"
                  },
                  "type": "SetVariable",
                  "inputs": {
                    "name": "Var_OwnersGroupID",
                    "value": "@{items('Apply_to_each')?['Id']}"
                  }
                }
              },
              "runAfter": {
                "Compose_-_Get_User_ID": [
                  "Succeeded"
                ]
              },
              "metadata": {
                "operationMetadataId": "0e3087a1-c0b1-4742-bbba-9799a0ec20af"
              },
              "type": "Foreach"
            },
            "Send_an_HTTP_request_to_SharePoint_-_Remove_SC_admin": {
              "runAfter": {
                "Apply_to_each": [
                  "Succeeded"
                ]
              },
              "metadata": {
                "operationMetadataId": "7ec7e177-31a7-460c-a2dd-72caba37de45"
              },
              "type": "OpenApiConnection",
              "inputs": {
                "host": {
                  "connectionName": "shared_sharepointonline",
                  "operationId": "HttpRequest",
                  "apiId": "/providers/Microsoft.PowerApps/apis/shared_sharepointonline"
                },
                "parameters": {
                  "dataset": "@variables('Var_SiteURL')",
                  "parameters/method": "POST",
                  "parameters/uri": "/_api/web/sitegroups(@{variables('Var_OwnersGroupID')})/users/removeById(@{outputs('Compose_-_Get_User_ID')})",
                  "parameters/headers": {
                    "Accept": "application/json;odata=verbose",
                    "Content-Type": "application/json;odata=verbose"
                  }
                },
                "authentication": {
                  "type": "Raw",
                  "value": "@json(decodeBase64(triggerOutputs().headers['X-MS-APIM-Tokens']))['$ConnectionKey']"
                }
              }
            },
            "Parse_JSON_-_output_from_get_user_http_request": {
              "runAfter": {
                "Send_an_HTTP_request_to_SharePoint_-_get_user_id": [
                  "Succeeded"
                ]
              },
              "metadata": {
                "operationMetadataId": "e2cb8103-36cf-4bcc-bf67-ad3162c0651e"
              },
              "type": "ParseJson",
              "inputs": {
                "content": "@body('Send_an_HTTP_request_to_SharePoint_-_get_user_id')",
                "schema": {
                  "type": "object",
                  "properties": {
                    "d": {
                      "type": "object",
                      "properties": {
                        "__metadata": {
                          "type": "object",
                          "properties": {
                            "id": {
                              "type": "string"
                            },
                            "uri": {
                              "type": "string"
                            },
                            "type": {
                              "type": "string"
                            }
                          }
                        },
                        "Alerts": {
                          "type": "object",
                          "properties": {
                            "__deferred": {
                              "type": "object",
                              "properties": {
                                "uri": {
                                  "type": "string"
                                }
                              }
                            }
                          }
                        },
                        "Groups": {
                          "type": "object",
                          "properties": {
                            "__deferred": {
                              "type": "object",
                              "properties": {
                                "uri": {
                                  "type": "string"
                                }
                              }
                            }
                          }
                        },
                        "Id": {
                          "type": "integer"
                        },
                        "IsHiddenInUI": {
                          "type": "boolean"
                        },
                        "LoginName": {
                          "type": "string"
                        },
                        "Title": {
                          "type": "string"
                        },
                        "PrincipalType": {
                          "type": "integer"
                        },
                        "Email": {
                          "type": "string"
                        },
                        "Expiration": {
                          "type": "string"
                        },
                        "IsEmailAuthenticationGuestUser": {
                          "type": "boolean"
                        },
                        "IsShareByEmailGuestUser": {
                          "type": "boolean"
                        },
                        "IsSiteAdmin": {
                          "type": "boolean"
                        },
                        "UserId": {
                          "type": "object",
                          "properties": {
                            "__metadata": {
                              "type": "object",
                              "properties": {
                                "type": {
                                  "type": "string"
                                }
                              }
                            },
                            "NameId": {
                              "type": "string"
                            },
                            "NameIdIssuer": {
                              "type": "string"
                            }
                          }
                        },
                        "UserPrincipalName": {
                          "type": "string"
                        }
                      }
                    }
                  }
                }
              }
            },
            "Get_my_profile_(V2)": {
              "runAfter": {},
              "metadata": {
                "operationMetadataId": "e9a6886e-315c-49f0-8218-68306a55427d"
              },
              "type": "OpenApiConnection",
              "inputs": {
                "host": {
                  "connectionName": "shared_office365users",
                  "operationId": "MyProfile_V2",
                  "apiId": "/providers/Microsoft.PowerApps/apis/shared_office365users"
                },
                "parameters": {},
                "authentication": {
                  "type": "Raw",
                  "value": "@json(decodeBase64(triggerOutputs().headers['X-MS-APIM-Tokens']))['$ConnectionKey']"
                }
              }
            }
          },
          "runAfter": {
            "Initialize_variable_-_Var_OwnersGroupID": [
              "Succeeded"
            ]
          },
          "metadata": {
            "operationMetadataId": "891d3831-cce0-4652-97a2-0d0f51ac24fe"
          },
          "type": "Scope"
        },
        "Initialize_variable_-_Var_OwnersGroupID": {
          "runAfter": {
            "Initialize_variable_-_Var_SiteURL": [
              "Succeeded"
            ]
          },
          "metadata": {
            "operationMetadataId": "a6cad7f3-5215-4a58-8d16-a2ab859bd395"
          },
          "type": "InitializeVariable",
          "inputs": {
            "variables": [
              {
                "name": "Var_OwnersGroupID",
                "type": "string",
                "value": "3"
              }
            ]
          }
        },
        "Initialize_variable_-_Var_SiteURL": {
          "runAfter": {},
          "metadata": {
            "operationMetadataId": "04a85bec-2fd1-4dcc-b01e-bd74108b72c0"
          },
          "type": "InitializeVariable",
          "inputs": {
            "variables": [
              {
                "name": "Var_SiteURL",
                "type": "string",
                "value": "@triggerBody()['text']"
              }
            ]
          }
        }
      }
    },
    "templateName": ""
  },
  "schemaVersion": "1.0.0.0"
}