<ImportExportXml xmlns:xsi="http://www.w3.org/2001/XMLSchema-instance">
  <Entities></Entities>
  <Roles></Roles>
  <Workflows>
    <Workflow WorkflowId="{515f6b70-16ed-ee11-a1ff-000d3a9a8067}" Name="Remove Site Collection Admin" Description="This flow sends an HTTP request to SharePoint add the new user, to get the user ID based on the user's email, and then to add them to the Site Collection Admin group. The initiator's profile is then used in an HTTP request to remove the user's site collection admin privileges in SharePoint.">
      <JsonFileName>/Workflows/RemoveSiteCollectionAdmin-515F6B70-16ED-EE11-A1FF-000D3A9A8067.json</JsonFileName>
      <Type>1</Type>
      <Subprocess>0</Subprocess>
      <Category>5</Category>
      <Mode>0</Mode>
      <Scope>4</Scope>
      <OnDemand>0</OnDemand>
      <TriggerOnCreate>0</TriggerOnCreate>
      <TriggerOnDelete>0</TriggerOnDelete>
      <AsyncAutodelete>0</AsyncAutodelete>
      <SyncWorkflowLogOnFailure>0</SyncWorkflowLogOnFailure>
      <StateCode>1</StateCode>
      <StatusCode>2</StatusCode>
      <RunAs>1</RunAs>
      <IsTransacted>1</IsTransacted>
      <IntroducedVersion>1.0.0.0</IntroducedVersion>
      <IsCustomizable>1</IsCustomizable>
      <BusinessProcessType>0</BusinessProcessType>
      <IsCustomProcessingStepAllowedForOtherPublishers>1</IsCustomProcessingStepAllowedForOtherPublishers>
      <PrimaryEntity>none</PrimaryEntity>
      <LocalizedNames>
        <LocalizedName languagecode="1033" description="Remove Site Collection Admin" />
      </LocalizedNames>
      <Descriptions>
        <Description languagecode="1033" description="This flow sends an HTTP request to SharePoint add the new user, to get the user ID based on the user's email, and then to add them to the Site Collection Admin group. The initiator's profile is then used in an HTTP request to remove the user's site collection admin privileges in SharePoint." />
      </Descriptions>
    </Workflow>
  </Workflows>
  <FieldSecurityProfiles></FieldSecurityProfiles>
  <Templates />
  <EntityMaps />
  <EntityRelationships />
  <OrganizationSettings />
  <optionsets />
  <CustomControls />
  <EntityDataProviders />
  <connectionreferences>
    <connectionreference connectionreferencelogicalname="aesco_sharedoffice365_2e667">
      <connectionreferencedisplayname>Office 365 Outlook RemoveSiteCollectionAdmin-2e667</connectionreferencedisplayname>
      <connectorid>/providers/Microsoft.PowerApps/apis/shared_office365</connectorid>
      <iscustomizable>1</iscustomizable>
      <statecode>0</statecode>
      <statuscode>1</statuscode>
    </connectionreference>
    <connectionreference connectionreferencelogicalname="aesco_sharedoffice365users_c19b2">
      <connectionreferencedisplayname>Office 365 Users RemoveSiteCollectionAdmin-c19b2</connectionreferencedisplayname>
      <connectorid>/providers/Microsoft.PowerApps/apis/shared_office365users</connectorid>
      <iscustomizable>1</iscustomizable>
      <statecode>0</statecode>
      <statuscode>1</statuscode>
    </connectionreference>
    <connectionreference connectionreferencelogicalname="aesco_sharedsharepointonline_6883a">
      <connectionreferencedisplayname>SharePoint RemoveSiteCollectionAdmin-6883a</connectionreferencedisplayname>
      <connectorid>/providers/Microsoft.PowerApps/apis/shared_sharepointonline</connectorid>
      <iscustomizable>1</iscustomizable>
      <statecode>0</statecode>
      <statuscode>1</statuscode>
    </connectionreference>
  </connectionreferences>
  <Languages>
    <Language>1033</Language>
  </Languages>
</ImportExportXml>