{
  "properties": {
    "connectionReferences": {
      "shared_sharepointonline": {
        "runtimeSource": "invoker",
        "connection": {
          "connectionReferenceLogicalName": "aesco_sharedsharepointonline_6883a"
        },
        "api": {
          "name": "shared_sharepointonline"
        }
      },
      "shared_office365users-1": {
        "runtimeSource": "invoker",
        "connection": {
          "connectionReferenceLogicalName": "aesco_sharedoffice365users_c19b2"
        },
        "api": {
          "name": "shared_office365users"
        }
      },
      "shared_office365": {
        "runtimeSource": "invoker",
        "connection": {
          "connectionReferenceLogicalName": "aesco_sharedoffice365_2e667"
        },
        "api": {
          "name": "shared_office365"
        }
      }
    },
    "definition": {
      "$schema": "https://schema.management.azure.com/providers/Microsoft.Logic/schemas/2016-06-01/workflowdefinition.json#",
      "contentVersion": "1.0.0.0",
      "parameters": {
        "$connections": {
          "defaultValue": {},
          "type": "Object"
        },
        "$authentication": {
          "defaultValue": {},
          "type": "SecureObject"
        }
      },
      "triggers": {
        "manual": {
          "metadata": {
            "operationMetadataId": "46c8d590-318d-4038-bdc8-3bb54b2d155b"
          },
          "type": "Request",
          "kind": "Button",
          "inputs": {
            "schema": {
              "type": "object",
              "properties": {
                "text": {
                  "description": "Please enter your site url",
                  "title": "Site URL",
                  "type": "string",
                  "x-ms-content-hint": "TEXT",
                  "x-ms-dynamically-added": true
                },
                "text_1": {
                  "title": "New Admin Email",
                  "type": "string",
                  "x-ms-dynamically-added": true,
                  "description": "Please enter the new SC Admin email",
                  "x-ms-content-hint": "TEXT"
                }
              },
              "required": [
                "text",
                "text_1"
              ]
            }
          }
        }
      },
      "actions": {
        "Scope": {
          "actions": {
            "Send_an_HTTP_request_to_SharePoint_-_get_user_id": {
              "runAfter": {
                "Get_my_profile_(V2)": [
                  "Succeeded"
                ]
              },
              "metadata": {
                "operationMetadataId": "2d95fc6b-2240-4ee4-98a0-90d7c2b9fb1c"
              },
              "type": "OpenApiConnection",
              "inputs": {
                "host": {
                  "apiId": "/providers/Microsoft.PowerApps/apis/shared_sharepointonline",
                  "connectionName": "shared_sharepointonline",
                  "operationId": "HttpRequest"
                },
                "parameters": {
                  "dataset": "@triggerBody()?['text']",
                  "parameters/method": "POST",
                  "parameters/uri": "_api/web/ensureuser",
                  "parameters/headers": {
                    "content-type": "application/json;odata=verbose",
                    "accept": "application/json;odata=verbose"
                  },
                  "parameters/body": "{\n    \"logonName\": \"@{outputs('Get_my_profile_(V2)')?['body/mail']}\"\n}"
                },
                "authentication": {
                  "value": "@json(decodeBase64(triggerOutputs().headers['X-MS-APIM-Tokens']))['$ConnectionKey']",
                  "type": "Raw"
                }
              }
            },
            "Parse_JSON_-_output_from_get_user_http_request": {
              "runAfter": {
                "Send_an_HTTP_request_to_SharePoint_-_get_user_id": [
                  "Succeeded"
                ]
              },
              "metadata": {
                "operationMetadataId": "e2cb8103-36cf-4bcc-bf67-ad3162c0651e"
              },
              "type": "ParseJson",
              "inputs": {
                "content": "@body('Send_an_HTTP_request_to_SharePoint_-_get_user_id')",
                "schema": {
                  "type": "object",
                  "properties": {
                    "d": {
                      "type": "object",
                      "properties": {
                        "__metadata": {
                          "type": "object",
                          "properties": {
                            "id": {
                              "type": "string"
                            },
                            "uri": {
                              "type": "string"
                            },
                            "type": {
                              "type": "string"
                            }
                          }
                        },
                        "Alerts": {
                          "type": "object",
                          "properties": {
                            "__deferred": {
                              "type": "object",
                              "properties": {
                                "uri": {
                                  "type": "string"
                                }
                              }
                            }
                          }
                        },
                        "Groups": {
                          "type": "object",
                          "properties": {
                            "__deferred": {
                              "type": "object",
                              "properties": {
                                "uri": {
                                  "type": "string"
                                }
                              }
                            }
                          }
                        },
                        "Id": {
                          "type": "integer"
                        },
                        "IsHiddenInUI": {
                          "type": "boolean"
                        },
                        "LoginName": {
                          "type": "string"
                        },
                        "Title": {
                          "type": "string"
                        },
                        "PrincipalType": {
                          "type": "integer"
                        },
                        "Email": {
                          "type": "string"
                        },
                        "Expiration": {
                          "type": "string"
                        },
                        "IsEmailAuthenticationGuestUser": {
                          "type": "boolean"
                        },
                        "IsShareByEmailGuestUser": {
                          "type": "boolean"
                        },
                        "IsSiteAdmin": {
                          "type": "boolean"
                        },
                        "UserId": {
                          "type": "object",
                          "properties": {
                            "__metadata": {
                              "type": "object",
                              "properties": {
                                "type": {
                                  "type": "string"
                                }
                              }
                            },
                            "NameId": {
                              "type": "string"
                            },
                            "NameIdIssuer": {
                              "type": "string"
                            }
                          }
                        },
                        "UserPrincipalName": {
                          "type": "string"
                        }
                      }
                    }
                  }
                }
              }
            },
            "Compose_-_Get_User_ID": {
              "runAfter": {
                "Parse_JSON_-_output_from_get_user_http_request": [
                  "Succeeded"
                ]
              },
              "metadata": {
                "operationMetadataId": "5490c766-81ca-4773-b1dc-62c8258141cc"
              },
              "type": "Compose",
              "inputs": "@{body('Parse_JSON_-_output_from_get_user_http_request')?['d']?['Id']}\n"
            },
            "Send_an_HTTP_request_to_SharePoint_-_Remove_SC_admin": {
              "runAfter": {
                "Compose_-_Get_User_ID": [
                  "Succeeded"
                ]
              },
              "metadata": {
                "operationMetadataId": "7ec7e177-31a7-460c-a2dd-72caba37de45"
              },
              "type": "OpenApiConnection",
              "inputs": {
                "host": {
                  "apiId": "/providers/Microsoft.PowerApps/apis/shared_sharepointonline",
                  "connectionName": "shared_sharepointonline",
                  "operationId": "HttpRequest"
                },
                "parameters": {
                  "dataset": "@triggerBody()?['text']",
                  "parameters/method": "POST",
                  "parameters/uri": "_api/web/getuserbyid(@{body('Parse_JSON_-_output_from_get_user_http_request')?['d']?['Id']})",
                  "parameters/headers": {
                    "Accept": "application/json;odata=verbose",
                    "Content-Type": "application/json;odata=verbose",
                    "If-Match": "*",
                    "X-HTTP-Method": "MERGE"
                  },
                  "parameters/body": "{ \n\"__metadata\":{ \"type\": \"SP.User\" }, \n\"IsSiteAdmin\": false\n }"
                },
                "authentication": {
                  "value": "@json(decodeBase64(triggerOutputs().headers['X-MS-APIM-Tokens']))['$ConnectionKey']",
                  "type": "Raw"
                }
              }
            },
            "Send_an_HTTP_request_to_SharePoint_-_Give_new_user_SC_admin": {
              "runAfter": {
                "Compose_-_User_SC_user_ID": [
                  "Succeeded"
                ]
              },
              "metadata": {
                "operationMetadataId": "27a6da9c-e38d-4e25-8db3-b225c5c6b471"
              },
              "type": "OpenApiConnection",
              "inputs": {
                "host": {
                  "apiId": "/providers/Microsoft.PowerApps/apis/shared_sharepointonline",
                  "connectionName": "shared_sharepointonline",
                  "operationId": "HttpRequest"
                },
                "parameters": {
                  "dataset": "@triggerBody()['text']",
                  "parameters/method": "POST",
                  "parameters/uri": "_api/web/getuserbyid(@{outputs('Compose_-_User_SC_user_ID')})",
                  "parameters/headers": {
                    "content-type": "application/json;odata=verbose",
                    "accept": "application/json;odata=verbose",
                    "X-HTTP-Method": "MERGE"
                  },
                  "parameters/body": "{\n\t'__metadata': {\n\t\t'type': 'SP.User'\n\t},\n\t'IsSiteAdmin': true\n}"
                },
                "authentication": {
                  "value": "@json(decodeBase64(triggerOutputs().headers['X-MS-APIM-Tokens']))['$ConnectionKey']",
                  "type": "Raw"
                }
              }
            },
            "Compose_-_User_SC_user_ID": {
              "runAfter": {
                "Send_an_HTTP_request_to_SharePoint_-_Adds_new_user_to_SC": [
                  "Succeeded"
                ]
              },
              "metadata": {
                "operationMetadataId": "5e3c725a-b311-4bf6-be87-f9978c2d7d65"
              },
              "type": "Compose",
              "inputs": "@body('Send_an_HTTP_request_to_SharePoint_-_Adds_new_user_to_SC')?['d']?['Id']"
            },
            "Send_an_HTTP_request_to_SharePoint_-_Adds_new_user_to_SC": {
              "runAfter": {},
              "metadata": {
                "operationMetadataId": "e4a48c2d-d11b-4152-9518-cd361f5c7c25"
              },
              "type": "OpenApiConnection",
              "inputs": {
                "host": {
                  "apiId": "/providers/Microsoft.PowerApps/apis/shared_sharepointonline",
                  "connectionName": "shared_sharepointonline",
                  "operationId": "HttpRequest"
                },
                "parameters": {
                  "dataset": "@triggerBody()['text']",
                  "parameters/method": "POST",
                  "parameters/uri": "_api/web/ensureuser",
                  "parameters/headers": {
                    "content-type": "application/json;odata=verbose",
                    "accept": "application/json;odata=verbose"
                  },
                  "parameters/body": "{\n\t'logonName': '@{triggerBody()['text_1']}'\n}"
                },
                "authentication": {
                  "value": "@json(decodeBase64(triggerOutputs().headers['X-MS-APIM-Tokens']))['$ConnectionKey']",
                  "type": "Raw"
                }
              }
            },
            "Get_my_profile_(V2)": {
              "runAfter": {
                "Send_an_HTTP_request_to_SharePoint_-_Give_new_user_SC_admin": [
                  "Succeeded"
                ]
              },
              "metadata": {
                "operationMetadataId": "fda14148-0475-4056-9e85-f26f1020f00f"
              },
              "type": "OpenApiConnection",
              "inputs": {
                "host": {
                  "apiId": "/providers/Microsoft.PowerApps/apis/shared_office365users",
                  "connectionName": "shared_office365users-1",
                  "operationId": "MyProfile_V2"
                },
                "parameters": {},
                "authentication": {
                  "value": "@json(decodeBase64(triggerOutputs().headers['X-MS-APIM-Tokens']))['$ConnectionKey']",
                  "type": "Raw"
                }
              }
            }
          },
          "runAfter": {},
          "metadata": {
            "operationMetadataId": "909dbdb0-450f-4f56-be9f-464fa34e2118"
          },
          "type": "Scope"
        },
        "Send_an_email_(V2)": {
          "runAfter": {
            "Scope": [
              "TimedOut",
              "Skipped",
              "Failed"
            ]
          },
          "metadata": {
            "operationMetadataId": "b69ebe62-3f95-4c74-ad67-d1d0de6fb1a4"
          },
          "type": "OpenApiConnection",
          "inputs": {
            "host": {
              "apiId": "/providers/Microsoft.PowerApps/apis/shared_office365",
              "connectionName": "shared_office365",
              "operationId": "SendEmailV2"
            },
            "parameters": {
              "emailMessage/To": "@outputs('Get_my_profile_(V2)')?['body/mail']",
              "emailMessage/Subject": "Flow Failed - Remove Site Collection Admin",
              "emailMessage/Body": "<p>Please look at the flow history. There seems to be an issue with the flow as it has failed.<br><br>https://make.powerautomate.com/</p><br><p>Flow failed to execute on site: @{triggerBody()?['text']}</p>",
              "emailMessage/Importance": "Normal"
            },
            "authentication": {
              "value": "@json(decodeBase64(triggerOutputs().headers['X-MS-APIM-Tokens']))['$ConnectionKey']",
              "type": "Raw"
            }
          }
        }
      }
    },
    "templateName": null
  },
  "schemaVersion": "1.0.0.0"
}